"","baseMean","log2FoldChange","lfcSE","stat","pvalue","padj"
"ENSG00000240864",0.514835240306148,25.5434149302504,5.1458752919559,4.76953162246605,1.84654755863759e-06,0.0450853051916955
